Description,Price,Rating,ReviewCount,Url
"Z-Edge U29IA 29"" Ultrawide Gaming Monitor 2560x1080 WFHD 21:9 Aspect Ratio 100Hz Refresh Rate 4ms MPRT IPS Monitor, HDMIx2+DP with Wireless Keyword and Mouse (Black)",$199.99,4.3 out of 5 stars,42,http://www.amazon.com/gp/slredirect/picassoRedirect.html/ref=pa_sp_atf_aps_sr_pg1_1?ie=UTF8&adId=A05266702RRBEX3RRYY6&url=%2FZ-Edge-Ultrawide-Gaming-Monitor-2560x1080%2Fdp%2FB08PZBCV9F%2Fref%3Dsr_1_1_sspa%3Fdchild%3D1%26keywords%3Dultrawide%2Bmonitor%26qid%3D1624825181%26sr%3D8-1-spons%26psc%3D1&qualifier=1624825181&id=5395226610020688&widgetName=sp_atf
"Deco Gear 34"" 3440x1440 21:9 Ultrawide Curved Monitor, 144Hz, HDR10, 4000:1 Contrast Ratio, 6ms Response Time, 99% sRGB, 16.7 Million Colors, Adaptive Sync, Blue Light Reduction",$399.99,4.6 out of 5 stars,3,http://www.amazon.com/gp/slredirect/picassoRedirect.html/ref=pa_sp_atf_aps_sr_pg1_1?ie=UTF8&adId=A08271977LTG9RO0KZ08&url=%2FDeco-Gear-3440x1440-Ultrawide-Reduction%2Fdp%2FB0921YZC94%2Fref%3Dsr_1_2_sspa%3Fdchild%3D1%26keywords%3Dultrawide%2Bmonitor%26qid%3D1624825181%26sr%3D8-2-spons%26psc%3D1&qualifier=1624825181&id=5395226610020688&widgetName=sp_atf
"Lenovo G34w-10 34-Inch WQHD Curved Gaming Monitor, 21:9 Ultra-Wide, 3 Side NearEdgeless, 3440 x 1440, AMD FreeSync, 144Hz, HDMI, DP, Adjustable Stand, VESA, 66A1GCCBUS, Black",$369.99,4.3 out of 5 stars,113,http://www.amazon.com/Lenovo-G34w-10-34-Inch-Curved-Monitor/dp/B084R2XYM9/ref=sr_1_3?dchild=1&keywords=ultrawide+monitor&qid=1624825181&sr=8-3
"LG 29WP60G-B 29 Inch 21:9 UltraWide Full HD (2560 x 1080) IPS Monitor with sRGB 99% Color Gamut and HDR 10, USB Type-C Connectivity and 3-Side Virtually Borderless Display, Black",$226.99,4.6 out of 5 stars,"1,189",http://www.amazon.com/LG-29WP60G-B-Inch-Connectivity-Borderless/dp/B08V86LGBS/ref=sr_1_4?dchild=1&keywords=ultrawide+monitor&qid=1624825181&sr=8-4
"SAMSUNG 34-Inch Odyssey G5 Ultra-Wide Gaming Monitor with 1000R Curved Screen, 165Hz, 1ms, FreeSync Premium, WQHD (LC34G55TWWNXZA, 2020 Model), Black",$598.99,4.5 out of 5 stars,"3,467",http://www.amazon.com/SAMSUNG-34-Inch-Ultra-Wide-FreeSync-LC34G55TWWNXZA/dp/B08MVBYWGQ/ref=sr_1_6?dchild=1&keywords=ultrawide+monitor&qid=1624825181&sr=8-6
"LG 29WN600-W 29"" 21:9 UltraWide WFHD IPS HDR10 Monitor with FreeSync, Silver",$196.99,4.6 out of 5 stars,"1,900",http://www.amazon.com/LG-29WN600-W-29-21-UltraWide/dp/B0876DBCBX/ref=sr_1_7?dchild=1&keywords=ultrawide+monitor&qid=1624825181&sr=8-7
"LG 34WK650-W 34"" UltraWide 21:9 IPS Monitor with HDR10 and FreeSync (2018), Black/White",$396.99,4.7 out of 5 stars,"1,071",http://www.amazon.com/LG-34WK650-W-34-UltraWide-21/dp/B078GSH1LV/ref=sr_1_9?dchild=1&keywords=ultrawide+monitor&qid=1624825181&sr=8-9
"Desk Chair with Ridiculously Comfortable High Back -Office Chair with Thick Seat Cushion,Black (Blue)",$159.00,4.2 out of 5 stars,14,http://www.amazon.com/gp/slredirect/picassoRedirect.html/ref=pa_sp_mtf_aps_sr_pg1_1?ie=UTF8&adId=A10356822MJMASY5HUB40&url=%2FErgonomic-Ridiculously-Comfortable-Computer-Adjustable%2Fdp%2FB08HYVYLLX%2Fref%3Dsr_1_11_sspa%3Fdchild%3D1%26keywords%3Dultrawide%2Bmonitor%26qid%3D1624825181%26sr%3D8-11-spons%26psc%3D1&qualifier=1624825181&id=5395226610020688&widgetName=sp_mtf
"Sceptre 35 Inch Curved UltraWide 21: 9 LED Creative Monitor QHD 3440x1440 Frameless AMD Freesync HDMI DisplayPort Up to 100Hz, Machine Black 2020 (C355W-3440UN)",$399.97,4.6 out of 5 stars,"2,302",http://www.amazon.com/Sceptre-C355W-3440UN-Super-Curved-Ultrawide/dp/B0812DKDD9/ref=sr_1_12?dchild=1&keywords=ultrawide+monitor&qid=1624825181&sr=8-12
LG 34GP83A-B 34 Inch 21: 9 UltraGear Curved QHD (3440 x 1440) 1ms Nano IPS Gaming Monitor with 144Hz and G-SYNC Compatibility - Black (34GP83A-B),$796.99,4.7 out of 5 stars,641,http://www.amazon.com/LG-34GP83A-B-Inch-Ultragear-Compatibility/dp/B08DWD38VX/ref=sr_1_13?dchild=1&keywords=ultrawide+monitor&qid=1624825181&sr=8-13
"Dual Monitor Mount Dual LCD Monitor Desk Stand Fits Two Screens up to23,24, 27"", Full Motion, Tilt, Swivel, Rotation, 18 lbs Capacity Free Standing",$30.95,4.0 out of 5 stars,64,http://www.amazon.com/gp/slredirect/picassoRedirect.html/ref=pa_sp_mtf_aps_sr_pg1_1?ie=UTF8&adId=A068117429EYPYNCXXYWB&url=%2FMonitor-Screens-Rotation-Capacity-Standing%2Fdp%2FB071W3NBBJ%2Fref%3Dsr_1_16_sspa%3Fdchild%3D1%26keywords%3Dultrawide%2Bmonitor%26qid%3D1624825181%26sr%3D8-16-spons%26psc%3D1&qualifier=1624825181&id=5395226610020688&widgetName=sp_mtf
"LG 34WN650-W 34-Inch 21:9 UltraWide Full HD (2560 x 1080) IPS Display with VESA DisplayHDR 400 and AMD FreeSync, Silver",$391.73,4.7 out of 5 stars,401,http://www.amazon.com/LG-34WN650-W-34-Inch-UltraWide-DisplayHDR/dp/B087JB656Q/ref=sr_1_17?dchild=1&keywords=ultrawide+monitor&qid=1624825181&sr=8-17
"Dell 34 Inch Ultrawide Monitor, WQHD (Wide Quad High Definition), Curved USB-C Monitor (P3421W), 3440 x 1440 at 60Hz, 3800R Curvature, 1.07 Billion Colors, Adjustable, Black (Latest Model)",$659.00,4.6 out of 5 stars,54,http://www.amazon.com/Dell-34-inch-Ultrawide-Monitor-P3421W/dp/B08MWY9THF/ref=sr_1_18?dchild=1&keywords=ultrawide+monitor&qid=1624825181&sr=8-18
"LG 34WN80C-B 34 inch 21:9 Curved UltraWide WQHD IPS Monitor with USB Type-C Connectivity sRGB 99 Percentage Color Gamut and HDR10 Compatibility, Black",$546.99,4.7 out of 5 stars,"2,533",http://www.amazon.com/LG-34WN80C-B-inch-Connectivity-Compatibility/dp/B07YGZ7C1K/ref=sr_1_19?dchild=1&keywords=ultrawide+monitor&qid=1624825181&sr=8-19
"Sceptre 34-inch Curved UltraWide 21: 9 Creative LED Monitor 2560x1080 Frameless HDMI DisplayPort Up to 100Hz, Machine Black 2020 (C345W-2560UN)",$349.97,4.7 out of 5 stars,"1,228",http://www.amazon.com/Sceptre-C345W-2560UN-34-inch-Curved-Ultrawide/dp/B0812DHWCJ/ref=sr_1_20?dchild=1&keywords=ultrawide+monitor&qid=1624825181&sr=8-20
Ergotron HX Ultrawide Monitor Arm Desk Mount - for Screens 20 to 42 lbs - Matte Black,$284.00,4.7 out of 5 stars,650,http://www.amazon.com/gp/slredirect/picassoRedirect.html/ref=pa_sp_btf_aps_sr_pg1_1?ie=UTF8&adId=A10412982YYQKINGPT3I6&url=%2FErgotron-Ultrawide-Monitor-Desk-Mount%2Fdp%2FB08RD4FJ3Q%2Fref%3Dsr_1_21_sspa%3Fdchild%3D1%26keywords%3Dultrawide%2Bmonitor%26qid%3D1624825181%26sr%3D8-21-spons%26psc%3D1&qualifier=1624825181&id=5395226610020688&widgetName=sp_btf
19V AC Adapter for Samsung TV UN32J5205AF UN32J4000AF UN22H5000 LG Ultrawide Monitor TV Charger for DA-48F19 LCAP35 MT55S Power Cord A4819-FDY BN44-00835A A5919-FSM BN44-00838A A6619-FS BN44-00837A,$9.99,,,http://www.amazon.com/gp/slredirect/picassoRedirect.html/ref=pa_sp_btf_aps_sr_pg1_1?ie=UTF8&adId=A03331571WQZ5TTII7EFG&url=%2FUN32J5205AF-UN32J4000AF-BN44-00835A-BN44-00838A-BN44-00837A%2Fdp%2FB089R2HV8X%2Fref%3Dsr_1_22_sspa%3Fdchild%3D1%26keywords%3Dultrawide%2Bmonitor%26qid%3D1624825181%26sr%3D8-22-spons%26psc%3D1&qualifier=1624825181&id=5395226610020688&widgetName=sp_btf
